Number of Trips <1,Number of Trips 1-5,Number of Trips 5-25,Number of Trips 25-100,Number of Trips 100-250,Number of Trips >=250
724994918,1027081088,739719092,47097509.11226415,22576469,10602241
873821053,1271765537,1017141583,53269844.92230261,23450868,10480393
889115519,1292523251,1043399200,55153552.797106005,24373344,10815349
879469995,1322671418,1072398482,58002051.988679245,26061661,10995586
886366822,1358111181,1038533821,58142628.13220019,25471995,10289280
805597752,1266739724,921959616,52300571.64591195,24482641,9962734
904765574,1272415819,1005065948,52526618.59723096,22753761,9731405
898611716,1266179365,1007362578,52160579.55870318,22413907,9872781
873200106,1270263803,1010441132,52681499.28382631,23126930,10266298
892658776,1292830514,1038493240,54316995.48347498,23820524,10487918
885811922,1328838396,1071293111,57225944.87421384,25546381,10670102
890128077,1364719435,1037600517,57516758.33700787,25054757,10023635
811516981,1275588628,923243254,51676677.570619695,24141248,9762113
894940952,1276703409,1010290937,52953661.40982059,23104287,9938083
896019102,1268700581,1010097873,52163410.884978004,22386282,9878067
874675026,1270503496,1016692594,53161665.83805031,23366685,10457830
891178374,1290773832,1041286263,55081731.347689405,24331637,10805519
881035422,1323575805,1071515540,57851708.71895631,26003959,11001364
887998565,1359277181,1038415538,58022765.051007554,25390804,10275230
806943048,1268247445,922549139,52478300.70408805,24614153,10077846
847487489,1271031988,976734825,55042957.9088337,24499163,10180846
889568619,1267380073,1010967666,52770676.39547312,22897283,10167910
873613352,1274490073,1024288179,53971522.385655865,23872866,10721051
883544336,1293968104,1050420719,56054055.90625983,24966655,11153427
871536738,1315583847,1074401399,58920996.76509434,26639326,11313956
880935432,1350276200,1039593819,58890040.860648006,25968627,10566477
798338565,1256371149,920105967,52740099.7170701,24689813,10047738
914586244,1268123638,999858838,52097602.07641509,22402362,9524335
910261791,1262472574,1001079811,51552044.490720354,21952891,9573504
871306471,1265809074,990374144,50908791.75967285,22136582,9621606
903228084,1293765421,1023801301,51815871.01730104,22164282,9504561
908259413,1352435255,1071960181,55112463.42290749,24074195,9734505
904769239,1389821392,1038768647,55839097.565586664,23909801,9265055
832399707,1307100860,930564830,49995090.06253929,23201802,9199856
878586300,1290136253,1024567741,54011074.95944671,23902610,10391903
891574591,1281053231,1022078656,52359685.74355751,22396314,9930065
882388314,1275973859,1039287841,54808683.40213635,24175024,11072269
890087622,1289421110,1053563481,57588931.10245129,25966531,11803171
869962990,1312714869,1076200204,59942477.17379007,27478047,12038761
885060608,1348122632,1044722246,59774233.16567117,26482324,11070227
796197439,1250870724,923963901,55093486.274897896,26134995,11062864
864193868,1247384292,1014191202,56496837.85835427,25536489,11748203
873482041,1268181875,1017371015,54804099.9513038,24520675,11077674
873732895,1291372996,1051064380,56617094.47720843,25492844,11553405
863904350,1308465069,1081930596,59195134.87213321,26951692,12241760
846250202,1296453342,1087205454,62378487.24811558,28676998,12297809
862935223,1328158902,1047017484,61734016.10056568,27812638,11486311
775438282,1225333208,916177089,53738233.91163522,25009701,9994404
812066986,1231473362,988064452,55389864.047798745,24396390,10301367
885920912,1272539720,1017117579,53484572.40980516,23396424,10452373
876898175,1282818772,1038276024,55146188.08236404,24533833,11096749
879562401,1300302116,1063746269,57537151.78277271,25897683,11677154
863978087,1310660811,1081042744,60422047.572864324,27556843,11816573
877036753,1344531011,1044961117,60152026.071675576,26751540,11002229
791370517,1246715843,921084553,53642211.84025157,25128522,10247082
856307022,1248670225,1025287422,56712277.01383213,25550798,11791963
860332900,1252572227,1024460459,54767664.47548711,24189058,11036842
885821120,1329132113,1076017818,52553823.02768166,21727594,9632766
873861121,1335177560,1092232586,54261998.68081761,22664858,9954434
860061816,1306615349,1081483615,60914854.860823125,27902778,12050550
875014423,1340266448,1045572718,60553096.54242615,27016700,11186232
787673184,1240963580,920411920,54158246.04993719,25427154,10433793
860236302,1248015113,1019741400,56603804.17122212,25544053,11769611
873253124,1264439339,1019642586,54352659.87177876,24017320,10854748
878826707,1301113961,1055123416,54766826.26932747,23928391,10758902
872452830,1314664364,1079306768,56994782.630899936,25176214,11291930
916304700,1411737661,1173555143,64476925.4577708,28911232,12261880
930520083,1442484605,1130153826,64266616.85234056,28079646,11432576
842893785,1342797695,999769828,57233008.54913658,26348517,10527417
948306203,1415731532,1165853525,61654366.68812814,26786855,12268182
931172802,1370250217,1118736690,57794168.07723705,24774076,11192836
947128481,1430287195,1162884326,56575575.21193092,23265774,10332046
943619559,1443092240,1184243046,58542685.4967033,24305523,10677843
981579816,1539944814,1276512156,66095630.210179076,28366147,11745093
990791799,1564316332,1224855692,66392132.39767002,27585103,10947981
903500120,1455191216,1084430482,60552584.286163524,27403896,10844286
975125132,1473759953,1218033474,63070205.58068575,26885729,12299932
979367773,1476037716,1224348692,61580878.48142318,25657325,11655207
1013764577,1572811702,1285322868,58207165.59286165,22182970,9686378
1008184099,1583925299,1304603109,59865093.67582938,22967654,9822267
1037654195,1669862435,1388191620,67579233.19602273,27433705,10975199
1041599074,1683806062,1324638583,68380231.42256637,26718819,10240646
956122913,1562359623,1170816442,63632392.203036055,28139338,10887453
1032300963,1562098705,1305148101,68334261.45471758,29328276,13613957
1026004511,1558689985,1311402504,66891730.35883655,28166159,12987715
1091207781,1715321236,1401627097,60228680.09671302,21603360,9252575
1072594235,1717167647,1413867217,61489232.853804864,22133953,9215308
1017980829,1674848812,1398818213,64894793.40998105,25094791,9718935
1020056453,1678763932,1329197756,66116200.295921594,24464008,9067816
945032427,1572158826,1186549954,62410315.47503161,26769296,10063675
1040256768,1582800918,1306376595,66572218.62801014,28014564,12744619
1047185204,1585653081,1314588025,65114556.244781785,26730567,12090051
1078597735,1678931256,1374313823,62012755.26643489,23502106,10269086
1077359425,1693709541,1396707718,63815608.03291139,24356737,10401723
1042017008,1681095840,1396025943,67223629.0645774,27032846,10745205
1043695446,1693527599,1331113971,68077930.61501901,26328632,10030037
957139629,1562486111,1170100623,63629661.52388485,28210277,10942001
1028676365,1589844453,1322340596,65881894.86148008,27084484,12361560
1030487699,1589900180,1333968174,64845802.11198988,26036396,11838064
1076829697,1710330451,1405695535,60024411.44764315,21271185,9154120
1073343528,1722776590,1424931864,61512062.456356734,21891313,9109137
1032232813,1700321382,1416243689,64881961.99208861,24777470,9506193
1029456101,1703026581,1344412014,66064945.31042129,24147738,8881077
949210181,1568204889,1180402577,62826143.03709575,27297301,10383918
1028943233,1615194466,1334195237,63654013.14960381,25141834,11237779
1040533728,1619696547,1350061637,62850896.961636014,24151592,10772466
1063093048,1694902761,1399235833,60538183.74104596,21712046,9428805
1075436684,1718698114,1426557486,62285575.127180465,22474704,9434575
1049712631,1719563069,1426852962,65564704.56988564,25220073,9705237
1043672074,1724202937,1355084528,66747164.8790964,24570275,9078105
956097353,1562397155,1170856027,63607182.2637084,28134008,10885945
1032675253,1595961426,1320986064,65385887.05082071,26751986,12115264
1039427381,1598402841,1332893661,64292363.35067802,25647455,11567780
1072904895,1694701245,1393106392,60882282.66561514,22174211,9617711
1075394815,1711748196,1416104647,62552186.91522219,22911143,9647875
1041422302,1700350456,1413089675,65929716.93226213,25686457,9986381
1038988846,1706948348,1343594818,66972478.61258697,25017100,9330938
954220248,1564361753,1173796082,63408643.65952756,27890749,10738798
1030152797,1600341409,1325870033,64987681.59779528,26336231,11904804
1036886800,1602675304,1338996001,64013944.783060454,25284767,11393366
1070973767,1700003563,1399369301,60506908.19968504,21728834,9400817
1074727066,1717738320,1422554259,62126202.1540404,22426265,9397976
1041201908,1706762569,1418750500,65479508.63983586,25229137,9733494
1037445315,1711367264,1347756875,66640369.924581885,24589335,9096801
953203710,1564968805,1175032263,63306384.32524425,27763516,10670813
952489568,1591454512,1284722245,50048225.141191304,17194317,12934507
1004993530,1653096950,1334045977,50635859.85439647,16561131,12824494
986934934,1633556637,1332165811,50943919.90226986,17042473,13660477
1028982776,1681824172,1358480847,52878610.53642384,17834828,12780459
958018952,1664578785,1366979349,56667169.24936948,20603768,12994963
972337039,1662022696,1292745882,58383894.85525071,20338365,13200476
813394974,1456205091,1141684855,55969512.42604856,22018608,15480380
907165656,1531800162,1249403100,50767676.305485494,17995149,15068250
991963425,1612255544,1320982726,50385041.84169032,16955333,14483452
1007436704,1620738160,1339993106,52161080.71077505,17819806,15336008
961734303,1590669893,1338618998,53640918.35338583,18916826,15786940
1025060409,1678239652,1394152884,58284997.80327353,21625376,15915515
1018590698,1661570485,1322759556,58693312.74881815,20803530,15018093
882895574,1504788400,1152440409,55001443.09331652,23004229,15805719
953505354,1576600861,1303691400,51096053.84314961,18004088,15722453
1010624587,1642711492,1351394672,51020737.7607942,17011433,15318527
1023814923,1658721662,1370385660,52451547.981411465,17604746,14543815
941510866,1585110531,1327633114,53871590.20573409,19231797,14464597
996600558,1667326835,1386421835,61337298.56391688,24428871,15511143
1044361820,1698042445,1332981660,61584582.172979794,23248026,15380456
1009170340,1640520201,1253813382,59542169.92670651,22782453,15273409
888349719,1509984698,1113271597,57585200.59332704,24836654,15433729
1055090891,1703769160,1378150678,53702257.03302925,18590963,13512673
1061194652,1708448101,1402116569,53232482.993077405,17828919,13580579
1022350556,1678611603,1394183245,54367902.94175063,18605045,13708050
1098575858,1793133500,1474836781,60262943.01417323,22144267,13727131
1073439813,1749346793,1347758682,60189303.051702395,21464922,13773880
974261983,1615581589,1216966928,57641336.971041866,23717951,15034275
1096791470,1758741590,1408137789,54209336.75684177,18894335,13672770
1033065044,1663712343,1369579150,53065520.04751416,17684522,13055613
969215468,1594679842,1341595331,53449839.85358942,17875896,13365701
1079319642,1718515648,1427916106,56473893.521259844,19308531,14063129
1133481042,1783555712,1471238814,61369587.52550378,22885878,14323546
1122671240,1785362363,1393552204,61939773.491968505,21766967,13214390
931192931,1578927115,1194665151,59078145.53809824,24927193,15188015
958231537,1617368387,1321879555,54959091.46395971,19416351,13196488
988082650,1634502572,1367161565,53328590.75133774,17741631,13190800
975231307,1598778344,1358427832,54471097.51275591,18614412,13478122
992537305,1610474449,1368182919,56277354.223763004,19500532,13307817
1041157881,1685947477,1433013002,62489029.75542965,22900992,13089180
1062513175,1723266010,1370334713,63598060.36613056,21802460,11599444
863293541,1459194691,1145245955,60583929.85358942,24330879,13427235
957451766,1560829897,1301813446,54788488.63845186,19166975,12913193
938086107,1566237968,1326244994,53260442.16698113,17600187,11888901
1004409137,1643465494,1354213925,54436488.65775401,17745495,10549872
951152240,1598123154,1331895011,56383871.559748426,19071816,10941153
1009103243,1683370994,1387422248,61354004.079245284,22009957,11108981
1077179039,1745678679,1345023462,62918131.51385391,21950323,11101438
905639008,1518549063,1179808398,60578632.42362205,25404937,15650974
964459628,1587394216,1326925511,55615946.93917428,19913534,14162899
926488112,1555861224,1342209527,54949186.95448799,19153337,13942038
952594576,1565820545,1353589293,55909130.445463166,19569800,13236855
939208039,1545386804,1358795778,57810824.00759013,20826350,13361663
1006192185,1634452276,1407055120,61890401.29610883,23394027,14097048
1028132437,1670012024,1351725221,63668443.16598036,23172513,14112929
905096290,1517846290,1187844942,61249676.83312143,26039472,16139866
950401419,1568713847,1327551298,55824947.873051226,20200745,14549305
921223766,1550892782,1342251609,55046808.57711919,19471294,14503700
944432013,1559612838,1358720941,56103173.011132315,19931123,13577786
801219398,1378650904,1148125167,58609629.445576064,23540401,14242228
1018412396,1650975186,1432857132,62072106.72469764,23393094,14005354
1030359569,1677178733,1373236270,63872452.37507987,23151161,14147749
908611471,1552422460,1224015770,61741551.63924456,26379343,16216308
954404098,1584185259,1360725730,55688228.14687303,20055238,15299478
964289249,1601403595,1379526801,53804750.28702532,18403013,14440765
967293247,1603696982,1391471001,54871037.39841772,18979057,14033680
989556458,1635269497,1420829638,56418766.33639531,19669284,13751900
1024505982,1695549957,1462721646,61540604.54637544,22889042,13861324
1039546015,1720522693,1402179576,63659863.8693038,22654920,13868694
897063080,1566179061,1242686772,60942594.96521189,25840085,16813489
957630997,1604744775,1375431729,54415330.278937384,19447242,15904031
972311768,1629300548,1395365032,52692263.692064494,17880343,14849357
1015747320,1684719513,1435685766,54066738.03034134,17750058,12862895
980069369,1649027835,1425791669,54801787.26249209,19055045,16176364
1038480531,1731111060,1487231829,61526245.9089184,22666119,13886330
1057156207,1754131247,1425355652,63680096.33512658,22309714,13708791
894637416,1578964630,1257170580,60687724.446275756,25689857,17130073
966363431,1622309723,1392332200,54049408.78648477,19291065,16441810
978059984,1641478107,1410606367,52399777.79022533,17661321,15037353
1033320681,1713069464,1457436500,53727300.72891566,17328206,12756279
958575663,1640877355,1421296619,54225895.66423358,19143966,17476842
1026760865,1726448913,1484747325,61219612.537948556,22682242,14493069
1048587988,1751603519,1425058620,63580908.37555697,22450897,14390667
907915155,1617135215,1277749179,61327658.26456542,25396629,14348412
990140026,1651337648,1422214461,54203388.83768301,18672216,15342329
988562906,1657975727,1430095271,52090319.25309622,17130181,14930917
1008803607,1682719988,1455227335,53612907.754369244,18002940,15959515
993370076,1692048123,1467360993,55434465.07394478,19721940,16356161
1017253551,1752648905,1504480794,60597154.42249047,22545753,15732315
1049331774,1780421993,1447618772,63373244.901372485,22428074,15593561
878851758,1553690047,1251094798,59789542.53261558,25786369,20228346
951369626,1610957196,1379532574,53520515.49730757,19606795,18080952
973300349,1637181012,1406571258,52415560.31750554,17980343,15332979
1075415250,1771852486,1481541350,53524919.192149416,16138760,9445817
902276429,1581571891,1370936639,52468328.38009479,18778535,19897455
1024523520,1695541267,1462765307,61547847.0,22906604,13862120
1039564115,1720527742,1402270265,63620177.11202531,22649478,13868913
897055313,1566183296,1242731887,60935094.83776091,25889572,16812991
957603254,1604711961,1375439530,54411304.91711484,19487527,15904687
972326890,1629307410,1395378373,52693630.780063294,17877242,14849081
1015764605,1684740584,1435682852,54066393.92979127,17808945,12862772
980059103,1649009927,1425798178,54817348.08067068,19102284,16176258
1038472263,1731116754,1487281105,61526908.290903345,22655054,13887955
1057164267,1754122206,1425360699,63675342.72810623,22301458,13709151
894646047,1578986283,1257236206,60699466.88493064,25691469,17130937
966409494,1622360724,1392431563,54059866.20397226,19289500,16442861
978078138,1641487054,1410729351,52417429.3116924,17661230,15038070
1033333528,1713092460,1457506085,53746158.02111566,17346330,12756241
958574214,1640883317,1421376656,54250335.485975415,19202547,17477036
1026737084,1726443009,1484841522,61237414.70230211,22700272,14494296
1048705958,1751698215,1425105056,63612196.82288055,22470539,14390850
890191688,1566277197,1250349964,60471499.059753396,25782434,18057582
958485239,1612705170,1382459439,54000303.82674676,19448490,16809397
974556352,1635974251,1404226440,52510275.614046186,17842999,15073447
1041470988,1723236109,1458237081,53784839.71853258,17118546,11688153
946984635,1623848340,1406016514,53839050.97944339,19043034,17850604
1029908149,1717710361,1478291220,61437147.96515679,22754127,14081675
1048464985,1742119404,1417534550,63644883.76182915,22477739,13989473
1010260450,1795952042,1384302935,64265284.29798142,23888602,15647343
960163034,1700650746,1259917724,65465228.06976,28224075,15993641
975387957,1636836022,1404954441,52485174.04048454,17779965,15025516
1034662628,1713824742,1454357303,53780924.36346215,17288388,12234345
956063142,1633646951,1414173306,54089091.835038364,19097094,17461982
1030094481,1722791528,1481803129,61343455.00576,22727501,14190930
1049790319,1747299329,1421243714,63595187.78653846,22432688,14082821
950941620,1683444698,1318553642,62409060.09076382,24857426,16702979
961086589,1615955654,1385744274,53990110.371701114,19403640,16685429
1028626678,1658828904,1429940922,52100068.32963198,17093006,13969549
1062407672,1713729660,1468866362,52837308.71337984,16445456,11172676
1003678413,1651600263,1439637469,53655459.26736441,18174420,15228319
1074605404,1739496765,1508981503,60906328.93303713,21827452,12729174
1092108866,1760410034,1446751536,63277432.169475354,21563124,12566143
986394862,1677005535,1328239623,62013108.10145847,24371782,15013838
1030893793,1644449859,1419361755,53374463.75981013,18305021,14300370
1076101272,1672092271,1451030794,51528937.37170948,16271098,12269793
1103098622,1715979510,1485697755,52172645.84581218,15855200,10143392
1043583630,1654032670,1459103816,53343425.68684628,17258725,12899798
1108673263,1743478447,1527318896,60057322.145800315,20800829,11165132
1109957559,1750549855,1452896773,61946223.19249125,20411714,10872892
971322752,1607789765,1288782135,59296950.06095238,22989824,13014686
1033663340,1594349482,1394464152,50871738.38539682,16496554,11456893
1072553869,1626225011,1428760421,49540002.55203046,14997316,10247128
1108020743,1680292045,1442899573,49121772.92124484,14830525,9076900
1055311415,1625225920,1439579312,51099340.95036589,15883789,10619012
1110282803,1710113643,1505753020,57842157.049268916,19381174,9551991
1103260892,1710249496,1430616375,59946800.158548236,19145068,9225434
968165821,1552257071,1255438279,56754133.98208,21713376,11140424
1039468287,1546882459,1369928490,49026164.48135048,14896951,8902511
1069599928,1576993382,1404782052,48330408.89225375,13963043,8481238
1088385554,1611497402,1408154093,47429855.74336,13884398,7876456
1052780446,1577025024,1415052331,49645376.17080245,14778842,8433904
1101389138,1658508374,1476933865,55923017.88460292,18314202,8074367
1089507134,1659684309,1403717507,57995515.536728695,18118220,7637636
967143243,1495977039,1225717456,54447393.461639345,20730174,9425225
1065487443,1524085226,1364783917,47334707.392330386,13398452,6306845
1065747797,1530665640,1381288197,46880130.60361842,12958903,6764661
1077558746,1555682312,1380914161,45990747.17291256,13020513,6676404
1054672634,1533522407,1395786886,48464912.78522838,13696427,6221334
1097091707,1607438726,1448677467,53532874.82791152,16721620,6434794
1091300279,1624662416,1385080872,55575094.87316117,16693737,6042829
951553306,1427919297,1187072236,51705880.34370861,19575805,7686695
1267645024,1652426241,1435546485,62708719.67546174,24492772,16335474
1022449746,1477781723,1343368302,45823251.08360982,12552952,6060681
1034122764,1493304603,1335110071,45464916.47949316,12818381,6490004
1003016659,1461645521,1340875098,47347347.90739507,13437047,6277538
1041326403,1530197716,1387586520,51740971.35652463,16356378,6457472
1037162840,1556737943,1325124878,53271897.11697479,16399570,6115678
909169639,1373131379,1138017517,49127158.673320025,18823384,7670780
969958507,1408546020,1283085285,45714164.94477711,12943022,6113882
976866375,1422126485,1301935717,45558946.52372995,12982337,6184183
986183510,1444383787,1289230665,45967414.45342237,14132001,6775214
964998603,1416036312,1298890976,46179272.46148782,13230094,6385885
1005075302,1475950685,1331622464,51068749.04807375,16581697,6598905
1002880621,1504804670,1278748767,52675815.5122842,17222244,6679081
913234623,1371307488,1132566356,50277701.64236679,20471784,8578994
972481988,1416012387,1286342854,43940882.268213004,12055994,5294267
957677170,1407320986,1292981196,42533516.11310886,11296438,4898054
1058239615,1533587093,1239119980,38476226.31465517,12239662,6949224
1016916371,1490798102,1317579913,42880665.7681537,12230563,5979738
1038929651,1556659604,1374183050,50322732.00618892,15594457,6113784
1016591802,1546705769,1309854313,53497595.73363874,16071031,5824261
929889433,1396396572,1146680885,49488101.86314408,18557887,7410680
984222488,1427081864,1288423876,46701694.6353211,13026720,6453736
960239737,1391374078,1285066463,46373425.318285905,12627070,6196288
935838162,1370569663,1280613532,45325764.65859247,12588841,6232944
942070698,1392581162,1291396303,47074672.03726708,13604628,6536083
984808518,1464880436,1337577111,52038668.62504097,17356264,6807405
981002690,1493719441,1286639815,54171180.10062479,17305288,6154720
945769717,1400395163,1169618815,51228488.19055428,19990591,8139997
928799076,1351723769,1221017847,46811598.62606418,14603702,7008243
956172043,1403395549,1288871403,45815006.536849,12795578,6447836
980495973,1433083184,1319342170,47210526.78,12899746,6236224
964652149,1415939457,1318534525,48019884.751965925,13605007,6390117
1007887398,1466808021,1341012834,49159168.32874016,14826956,5977752
1058294066,1572288471,1328956707,51255825.22947577,15307163,6091467
875909993,1346565967,1127550850,48695154.85521996,19172478,7999809
963260610,1407385279,1292702763,44548861.57763975,12137342,5828176
1025640755,1484558986,1341460783,45137210.161702126,12487406,6253033
956384295,1403136445,1299187178,46326710.427821524,12491421,6065773
936263658,1364823819,1268582418,47079949.57568807,13443135,6628201
975046629,1421167231,1313764975,50585729.35484928,16514086,7058643
993759555,1474864153,1250247186,51444412.86339697,16768650,6902738
907570343,1363701573,1114107673,47316274.82772148,18675183,8306329
959425467,1383209560,1265682505,47799340.17950392,14570180,6878915
984605866,1423797153,1303202527,48419501.411553524,15808275,7158908
999581935,1481575093,1309595569,52659527.36286368,20502544,8412439
812391665,1183525996,1085415487,58104158.322011754,19526293,7048849
1017135475,1470509403,1292523494,53345009.50995106,18642511,7034570
966556420,1437273116,1219085557,53347915.26115485,20780328,8446224
905502896,1348883875,1104239021,54674767.77561779,26003791,11035145
990841699,1431736291,1284075985,46735904.692434214,14231582,7653255
1016409390,1464095041,1339769755,47707271.585357845,13308963,7014618
988020123,1424993535,1320598490,45952468.86657903,13105726,6969144
954522239,1416470833,1318241407,47771755.73046619,13492191,7154522
978667616,1483202030,1369760195,50756248.27395456,15681305,6956205
955426359,1486364597,1305603663,50960930.65841584,14904861,6134965
944462780,1441123139,1203810662,49380539.04898367,17648206,8586253
988178786,1462161338,1302514673,44724663.45478548,13234282,7062524
939661961,1419565253,1331296025,47496043.34772577,13200798,6766321
931158639,1412690264,1328005412,47897661.43758213,13540840,6957884
931260501,1419046291,1350391995,49623786.55884287,14404881,7180722
953289722,1478279168,1386294487,52642192.667324126,16716917,7323746
931192109,1494626655,1330515105,54111137.318677686,16757981,6747847
820484397,1356243281,1168542292,48524728.01971739,18561884,8228494
915213178,1401548380,1296110341,47034772.78104575,13646313,7061138
919910560,1411690036,1314067797,45399218.50114416,13516123,7049730
923208469,1429149389,1347189120,45594235.91593065,12665647,6019059
982778500,1484696465,1360950605,47627373.92423745,14410215,7414866
1013210173,1575328589,1454316656,55594334.408478476,18285341,7957975
960063137,1524347988,1348890402,56509493.02667106,19529038,7572603
886857663,1437553327,1248128385,52577276.69539667,20145213,8683191
981408516,1526704561,1372052985,54109657.578396074,18583170,9640694
908690449,1450716264,1274671872,52051734.91798515,18766031,9536880
710198698,1057312586,1013911063,58136467.48760863,21239841,10817244
789731347,1297775121,1189490563,54335337.89797232,21666555,9375288
803247412,1332587142,1254607849,55590453.64267352,21541718,9021572
807143343,1347800511,1193129125,54815245.99774339,21413471,9037387
650940620,1145642726,995634678,49282260.52047345,22584545,10388042
705251617,1328537931,1124144114,38780736.83317476,13105648,4986584
980168717,1716360891,1488613389,50067841.144578315,14690589,4835246
692502957,1062128899,811829010,47629268.48056427,22734252,7727628
882444628,1302901219,1071779490,55194739.377742946,21593193,6558487
902691333,1362688335,1114109805,57209820.16645768,23472827,7026840
834248409,1301559462,1004195862,56154633.42677955,23784703,7245749
735244449,1181313963,878498211,47614122.82795362,24081718,8213773
884479921,1304210869,1071054195,52742754.612033844,18953422,6312700
908337349,1325396730,1087609089,52501067.16045127,17923110,5899217
921194484,1343041153,1109161004,53469818.41272329,18699022,6072885
925963768,1349272382,1112362285,54512556.04356001,19170775,5935851
970375834,1443857587,1157110773,56145246.12942651,21611677,6134887
873479307,1353119442,1013295296,51843857.34827586,19868383,5646132
791315925,1247052912,910090978,46278301.2441241,21436938,6661685
922581897,1325511509,1070982907,51156923.19122257,17589341,5379332
945577179,1359702012,1110921777,52354005.838557996,17401666,5214193
952257830,1367462337,1112748475,52476567.14075235,18048905,5713170
949504959,1365531284,1111285654,54331275.73362582,20305750,6867975
985361164,1439294561,1142094538,56170426.28361015,23192782,6859734
892126392,1365382135,1012073829,51585987.87339392,20912342,6125153
802549441,1237400989,908303807,46778312.06896552,22019594,6874253
852150198,1248247646,1015706679,56001861.70940439,22698332,6886471
917432591,1322851515,1091408302,53197224.51018489,18583018,6222416
934659208,1360804381,1116526498,52537736.19341693,18340181,5799341
953048669,1363187032,1111711604,54081064.609404385,19656516,6491158
997233693,1455603630,1161148906,57474567.01630094,22664882,6578575
895940070,1366400412,1053489700,56708617.71473354,21176551,5877149
809454626,1255914906,920839680,48698070.82356628,22326730,6806601
937394949,1334758164,1079941197,52192054.93418991,18427485,6031303
932498017,1343192374,1096006454,52734463.216546535,18195709,6006914
936145315,1353599678,1109627466,53042493.63647759,18375958,6037445
914353449,1319801106,1092982065,58256641.18301473,24638193,9884189
951988049,1408697848,1135112505,62357426.638357885,28808523,11043959
885445808,1372771354,1047388241,61229494.85772485,27193353,10051522
800937875,1242324890,904794035,49921589.797555625,26064728,10473491
928083400,1328953505,1068208676,57819206.451269194,25669937,10516760
914855979,1316233892,1083588623,58376593.92541523,24981045,10543859
925372735,1327519659,1072920650,56674795.787840806,24912168,10690924
922436736,1327074234,1068035032,56293527.218113445,24755726,10355299
963679472,1416849364,1121127094,60404082.041679725,27233791,10228892
871619726,1338998906,1025496784,59868177.103102475,25252179,9251795
703071636,1126402187,836979420,50280180.22030711,26424508,11689688
878837985,1318289824,1081770702,58978032.02098998,26050302,12629600
890407721,1330802210,1100099535,59174262.348684214,25661179,12452050
910737040,1360441111,1123783826,60126109.663428396,26967492,13708643
900221735,1356029109,1112581069,61793660.55907239,28804235,14283988
957241053,1468620234,1202597177,69904595.29927923,34462448,15688665
866498541,1355368288,1094783418,70505338.15579937,32186114,14295273
771677503,1219394024,944435284,60605940.065476194,32305204,14698119
718766858,1079459563,896318842,55283010.4608396,26963248,12199770
876154320,1301196465,1101371863,62311727.388279535,28357447,14088008
910009188,1342085375,1132549229,63162461.03949843,27862339,12821045
887683528,1310549071,1104775826,63003509.73322884,28599276,12342451
938844166,1398280932,1167375696,70554931.93765664,34771276,14427271
905130358,1384107394,1100229697,71493857.92288402,32932879,13474319
795163679,1255458773,944905063,56647438.60626959,28452073,9682068
897825229,1344268886,1096229961,53874207.37911571,21164794,9337661
911021462,1353957592,1134618293,56912123.3295704,21137742,9193603
929847882,1486523266,1123793289,50527360.02634881,19675897,7494353
945706544,1395566658,1138086281,56454641.70116024,21002570,8321896
999669852,1498941119,1192100528,61800143.79272499,25072718,8700866
935655980,1460807317,1136441227,65014051.59723965,24175865,8065699
838348711,1292896078,951033809,53398580.31056095,25624723,9347225
956477342,1377362022,1109333622,56299207.47696647,20797341,8914363
987466577,1376284823,1126976727,65019214.12879975,27145481,9093398
985252276,1378640154,1149545653,66391918.75806957,27940866,8863841
980639478,1378350544,1147470068,67305820.05828893,28887140,8978951
998458834,1440118460,1178880737,72345156.8386086,33090363,9526455
956416091,1428520645,1108115938,71621818.32027577,32864945,10087609
839844593,1258835542,949202785,61583886.056739815,32399860,10478179
953213395,1336162948,1104545829,63795218.77655907,26953401,8507852
942806755,1329936837,1109021121,64648581.00626959,27005184,8723910
1003465130,1368037880,1088828391,74291708.739335,40425567,17181043
996700176,1346680727,1058105960,76679119.80633031,43430884,17907797
1037089746,1431814129,1098443595,73761777.75235109,42149601,16779080
926473764,1333851188,966536191,66573408.99404389,39036281,17943566
782617174,1173799237,826164422,49611677.171733,28233170,10002904
884094090,1258733662,1016436540,60823507.91225321,27395653,9262634
835405701,1158800065,956070614,57935493.761203386,26001154,9035620
834349058,1145345843,949628664,58271774.044813536,26604526,9120551
813812932,1120018564,912102832,55367609.750235036,25699176,8739122
842674539,1172826191,919953122,55755197.56314635,27290241,9340984
783916759,1122399717,780670317,45001178.01786274,24927132,9508442
649094885,924607623,606784632,37355505.2386328,22859047,8734741
690464464,947131873,762941852,46793169.68516777,21846402,7481291
711693142,942613389,752248294,47414627.274835475,22353566,8013723
710701120,931314094,749624544,47477495.390718095,22523183,8029699
747138756,965731016,765410407,46952451.663741775,21619681,7404234
740337981,979764452,764193230,47115651.551724136,22738696,7616177
667173322,957901947,653908288,36880551.18338558,20114300,7880867
614306796,880852035,573059979,33231063.544200625,19582476,8171476
696469125,930946583,740712467,44947784.8232529,20517203,7269302
688130891,914156523,728841809,45456442.19805703,21289606,7926932
738495574,961407043,753862677,44669498.1507837,19895363,7053818
713347539,936015051,742647008,46242766.678683385,21891799,7839421
727490217,997493494,766858965,44172965.70188088,20187123,6964959
663510070,952307034,653111678,34432042.044514105,18187958,7888334
626199596,885210873,581242995,31792642.826482587,18562882,8127631
743693090,976222147,759164471,42786067.446815185,17442604,5349049
763495352,990319174,773643184,43231515.208529316,16869306,5108822
752904038,984210187,769621695,43393922.85826278,17430850,5485344
721963547,970632061,770087281,43463248.20664785,17444832,5509012
754107836,1045774806,792879707,42200017.059893385,18213210,5800947
772952001,1097351139,734524634,33768311.78324968,15099431,5390539
568394593,809732497,523572954,25701670.092819065,13016328,4931164
696144797,956653707,750091086,41375205.306992784,16046295,4538194
772328022,1025307655,743433839,42190836.27016003,20006925,7895266
766909347,1048144040,765791238,42028750.76442911,18949178,7454603
752007645,1040160172,770247243,40291688.603513174,17245990,6599048
777464111,1084731377,785746836,43613430.108532,20813051,7705839
744625986,1110680987,729176539,36066561.87049232,17143853,7236369
643159945,956361338,584797420,32467959.505801193,17960383,7444921
781688041,1061081606,750643733,44524741.11912226,20487559,8338803
757704028,1036254141,819398688,46044604.9877743,18165050,5358031
754294419,1030776357,822647844,46371453.58382952,18547116,5353702
748959860,1040355244,829082808,47051839.178683385,19365636,5634411
760264743,1095437330,858247728,47392910.06677116,19556599,5398082
746192040,1117046016,777643624,39365999.548306145,16513856,5145369
661908169,1022550680,681078558,35067150.773140885,16377894,5441992
767420484,1079964154,845063567,45617584.116373904,17924505,5087757
789608830,1089914128,854300496,46521594.54987453,17776017,5146913
765449636,1073327213,846996645,46759976.48839398,18711738,5376973
758349488,1091230160,861731842,47685620.46110414,19239628,5186540
820748869,1182633966,907044574,48855478.59096612,19516584,4932420
806657445,1185129651,829482561,43469796.94008783,17666793,4997042
723768679,1066495064,711960317,39194017.08531995,18205194,5359986
799016339,1127966690,876484718,47294341.431169644,18330806,4810036
795026595,1133050968,886802688,47524053.3346926,18070372,4898094
778581778,1100433083,883182617,48265555.391031675,18936902,5932813
793201285,1112829931,888952485,50031186.65296517,20376096,6719865
785043127,1157754012,910268847,50335742.54879197,20551834,5220921
766261193,1192386329,844544721,44733785.66614371,19141828,5293040
683252167,1073389379,750543035,42627217.60570891,19227306,5270532
842687742,1139086398,917364851,52419467.08398621,21539357,5963896
897499113,1182026413,946431002,53555961.60827327,21890723,6040492
864285732,1125598294,911106839,53837808.725477904,22349679,6883814
857390510,1123398074,911012018,55302557.219680354,23755759,7303809
862450256,1149854985,918138665,56356684.019743025,25416182,7927486
851924032,1190977637,859706908,49308466.85983067,22438059,7491798
832801887,1186088522,818583857,49064746.084666036,24492205,6349377
924301220,1253187515,1003626639,57337752.64890282,22195415,4948248
935985916,1250857155,1014372595,58754057.99028518,23290281,5738883
948686158,1257025222,1018433140,60279164.844562836,24649743,6464312
957548358,1278152341,1036465801,63056472.63981191,27046558,7552837
970454845,1334851361,1067636031,66772665.81943574,30864900,8265786
920097792,1302889944,950858676,57429624.10034493,26607731,7922460
765829940,1081785642,776825282,50355109.868965514,24269243,9249632
728970939,1022551609,739150727,51700380.809837095,27580753,9708389
802932926,1105877463,905093091,54948187.737155385,24902893,9749802
873612320,1167929157,947749100,56741267.50250626,24869761,7866484
853929299,1137306039,923774905,57620944.41943574,25908553,7059644
844720570,1159055990,924313354,57410468.94858934,25810502,6540352
858820003,1200584007,876903730,54126070.968955785,25091322,6633297
782103638,1087014526,768211047,52045897.655388474,26618842,7074054
830787038,1123326720,887497052,54646331.964599,23733031,6620480
851609143,1111365739,903772657,57461906.10150376,26419695,8081482
905688943,1193042664,970419363,59401722.991228074,26316188,7993392
864127706,1148303656,941209722,59821154.009085216,27637588,8235200
882488082,1200463056,969289867,63119203.781954885,30350944,8464439
767725737,1132235427,841830768,51027688.255012535,23541205,7012140
738085242,1131848473,785300000,54210814.891604014,29246053,8882037
874634831,1220720127,983259151,57373093.121867165,25061310,7096590
823491215,1121278138,926574736,55960290.32424812,23956853,7682100
846087290,1123648109,919003011,57354627.203947365,25882537,8906104
860142126,1163846310,954869598,59074747.419172935,27016680,8650389
873077075,1180474151,952907566,63241989.39692982,30474164,8534846
883335863,1217536321,915551902,60650811.6118421,28621123,7896712
745290104,1034863657,758230319,57743281.518170424,31174347,9091146
812535435,1085440460,876280838,56911013.14254386,26612292,7980928
878572784,1156939813,932651336,56770440.5316416,24822023,7292129
903788061,1182484432,954798384,58637567.483082704,26283161,7508240
874727231,1156761822,943480103,59644619.58145364,27486839,7717930
841305788,1141939075,927818090,61660818.6343985,29005654,8000948
814583656,1135019663,853031997,58595374.07988722,27536730,7971767
711199708,994276075,746514644,56441286.00344612,27704081,7831851
767365126,1029123783,853325098,57943028.719924815,27471374,8469015
836130692,1118512710,927340225,57895414.0447995,26163982,8113939
802540079,1055361464,880119729,56535237.39473684,25692652,7880652
841289811,1105107560,914128129,59654142.162907265,28029974,8616726
826797160,1104831676,901628961,63044567.31641604,30864162,8943530
826888171,1147672232,873323658,59145625.139411025,28691698,8275386
712010212,1004302511,752768471,58610733.54921449,32172204,9543915
767437280,1035114100,858885074,57100496.794542536,26867887,8846013
758194504,1013598447,855942012,57272920.73335478,27216704,10035532
778635310,1032074578,858609241,58298576.108142905,28056874,10174855
892662740,1172780320,970025617,63225002.44311956,29732188,9143672
821992831,1098524972,896306197,62614299.907771684,30669546,8891692
703219233,939814229,766855351,53565258.24006462,26237320,7605921
674213220,941733865,710557688,57910870.88069275,33828444,11091509
709318166,980752498,806051446,56344434.915413536,28028872,10126609
733625120,992632596,837148991,56424325.421052635,26926933,9848461
736147827,990555644,837562143,58079258.92982456,28651744,10284239
750329016,1005130999,847709462,59830506.281954885,29417294,10026527
744401337,1035202915,864922240,61320973.741228074,31295934,10331883
743245110,1025676243,793479140,57535143.5018797,29696742,10344085
641380773,914025407,696933414,56095554.27756892,31929184,11548854
707259121,966714458,818989142,56677155.28665414,27623527,10058259
742768224,1014577468,850051736,54939978.46146616,24353608,8332003
748763325,1033914414,866797664,55780312.52506266,23859361,7618671
758362153,1038101818,872004808,56933982.3787594,25151551,7470969
753019627,1049969024,875349023,58419161.7052005,26811900,7447503
741902882,1044029841,807076548,56687569.06986216,26854210,8036265
620926207,895802704,684264323,54628830.00344612,29582314,9154520
719852992,998565830,837533183,54064401.99592732,23275430,6671566
706141161,973218681,844525604,56421188.0952381,25004980,8097920
700940437,978754235,850761217,56637286.575007826,25266848,8283051
683012381,947170593,826962077,57864964.66760652,27101489,9000808
733127165,1031229417,883545853,62372333.764411025,29815285,8917006
689412895,976148006,791121152,57855900.315162905,27880630,8724898
653840937,957112773,765343296,64394066.484962404,35045372,10897755
701111415,985180210,852797227,60894038.149749376,29111362,10517433
721393719,1013758369,892580632,61735362.4943609,28299019,10037171
708453418,1000577310,878453553,61180383.09555138,28220651,10071380
712804347,1016925501,889417773,63902403.977443606,31305271,11176233
694639082,996541517,861947021,65003831.041666664,33689956,11513185
671831841,972165671,784307159,62110086.5745614,32848706,11773434
624668345,927867182,722176747,61756658.493107766,35731935,10950862
731733416,1021846049,857430196,59249150.75822111,28315929,8618427
790910443,1079271261,895372485,55098748.19736842,23528665,6715500
816973434,1095229820,908709590,56713761.40632832,24542890,7195883
815520382,1095101231,917704732,59405721.77756892,26350423,7607596
763640993,1081743349,906696690,61351459.084586464,28843534,7946140
689534003,1043577589,825291541,59316163.315476194,28179194,7923824
662509379,1023301621,788926293,63950327.76684425,34993945,9860617
720609234,1075983817,912591612,61155344.832340956,27258623,8351615
743994383,1104673685,945639297,61282189.91350674,25075322,7502071
682284632,1012826630,884424880,61150154.38013162,28560129,15000190
689654043,1036645230,907500675,64061491.398934506,31508493,17801987
726396042,1103919249,954126492,69277401.13381386,35662064,18502015
681561949,1055315731,866322224,66433846.44844876,33240457,18083812
583984450,946937504,776902318,69738294.83265434,41309857,24303405
651637209,1007589226,889502585,66373920.34033219,33870400,23634582
623891728,958098532,871681583,66721786.878369905,33577537,25030693
676872086,1015958273,911116520,66542987.2930116,32893561,23806702
683193383,1020574485,911194356,67914242.33155751,34431045,24296665
738662369,1110815772,960974450,71204037.06330304,36541648,22888649
691881842,1065326060,877880006,68535855.00188029,34215046,23496037
545431835,872446731,701538501,57585184.93418991,32416911,18819527
606985745,929742633,797990268,54746619.70761517,25405649,17134673
636071108,983266217,852784689,55540659.19084927,24824249,16010974
621428411,960616242,841754614,56170967.8047634,25648498,13048084
628301830,973479294,846622800,57667464.786587276,27359289,10737724
642068607,1008881246,873191087,62540195.00282043,30889383,11274765
642170277,1020164196,829325174,59144891.6507837,28451919,11119764
569761451,917537718,733382329,59683420.03458213,33489456,13147742
631381794,949800645,817006582,57836194.98814482,28600511,12458963
682456601,1029223853,874353928,57825051.82490397,26928809,10133247
685017612,1033279604,887723123,58591343.2693786,26897922,10165167
741996433,1095946669,929894534,62888536.59923176,30454250,11726121
694269497,1055394942,898528653,68346045.02471116,37000323,12553484
720446530,1084136213,867977208,66633230.732263245,32667207,10413541
607571219,923248307,739419041,61166403.65729066,32327382,11546082
571182505,876622698,692984579,62269974.27656149,38501067,13872934
654387529,1024721838,889306460,60202459.492476486,28727683,11470874
674288207,1049130501,919944130,60590045.75736677,27779268,11466039
654291113,1010825678,880759216,60640794.17774294,28784443,11919288
706844449,1106911187,949300631,65625909.284952976,32251909,11545128
649255642,1030621781,842160744,60678653.40815047,29393789,11110234
513441567,896067566,739012049,64118954.675446846,28210942,12556622
659518449,1039814106,891845749,58933879.364890285,27174426,11093918
681079603,1055575278,913252456,60534334.71943574,27305475,11053414
659196235,1045747080,920649381,61224309.86865204,28097180,11435192
667396809,1059184956,920012629,63059436.49090909,30034131,11618720
718912632,1131811251,959969339,68275242.1877743,34132349,11421757
724208076,1139205347,922415642,67152888.86865203,31475942,10575380
609688946,952787972,741852080,57158352.16306052,31528199,9672770
618474941,967391289,818274240,52047810.88523048,22268416,7073750
689466984,1049285266,894471919,53529672.58657465,21043114,6390287
710257892,1091706173,933408931,54557373.12731264,21597325,6463572
695176644,1074462646,922244652,56738444.84415177,23954258,7534249
727512181,1139069210,968204138,61493557.84571966,27687461,6994821
713595669,1125282959,907474347,61383189.75564618,25007434,6296972
637134574,998058704,776053340,58459803.30877743,30087853,7606784
673740927,1052300096,883122907,54373699.833699405,21660351,5959580
646639405,1035983312,907392915,60775175.878645346,20468596,5404958
643528673,1046287644,923213072,64607205.77304075,21007700,5466540
680950938,1076893205,922166818,62421232.08341173,23300215,6354450
659334725,1059779589,889433837,60471426.44231975,26931545,5926164
634850924,1046236498,856337174,62506394.245768026,24324689,5325229
566825001,927892057,732340819,59529736.95547193,29266331,6437614
605370722,975217080,826628063,61363632.8877391,22128257,5114172
642428455,1039144919,895393751,63212558.07371393,21276750,4881269
653489527,1070870958,936787213,64043522.46612296,21758936,5179034
617868737,991385905,881585904,64247873.75094103,22722075,5363595
631743944,1054882397,917777825,68976463.72279711,26100863,5421588
602102109,1021144856,849649155,66489634.902132995,24089807,4890948
539412695,898597146,722434319,64602665.88213166,29352323,5675129
604139007,967411255,832024088,64247239.4184953,25175275,5282852
637187345,1005456915,873435091,63052434.87523511,23365822,5599530
642367342,1013851753,887033530,63946304.15987461,23924473,6277203
581407753,942910685,834446644,64287230.603134796,25462582,6826042
640058765,1042777066,904773868,68628569.69990593,27551294,6868446
640168996,1033806501,843452080,66695282.9,25715757,6076822
555470714,916341509,727470183,63758806.25556601,29115602,6607868
632515138,1007889808,854743213,62816031.38820947,23892923,6077242
619777985,993818003,860766966,62289113.795547195,22331760,5724942
600149589,976323187,838108728,63261701.94700533,24241167,6306221
651892281,1044961066,887909643,66652756.01787394,24808362,6063636
705300484,1137779412,952456055,72077792.0213233,27592024,6149881
699881799,1143253415,904682577,66734462.957353406,23516335,4941135
613059973,986002313,747112530,61395663.461128525,28171713,6169838
643865328,1041600203,856698241,57582419.18538269,20903592,5133916
652745069,1050704636,879062739,61057005.036050156,21073133,5174573
645621095,1050341458,883501967,62172313.471141785,21734571,5521991
654422214,1053986829,883156504,63532016.931953594,23378463,5953181
687532067,1125676729,925487338,67026547.741844416,26472047,5930843
673966010,1115579186,875446541,65481366.902163684,23979270,5196872
691758535,1117063399,854145059,60497059.3200502,24857649,7196026
727914014,1225654590,894100334,58102682.052714154,19799383,4422062
678891708,1127071413,841033585,55513969.55991217,18796585,4040363
664463773,1077104520,834433084,55888265.675870724,19346600,4197092
718655653,1165026078,898827067,60806126.37276436,22987088,5376070
742947476,1184568287,926142300,66384695.410103545,27875622,6963121
691733388,1076283534,860373865,64843394.23627236,29736300,8273375
636114823,1042039713,830078098,54108185.2169279,19385064,5726170
693673488,1140077114,892070945,63345779.41943574,22994466,5175559
701148678,1151643156,896035187,64980478.6984326,23664454,5162713
682037013,1087372089,883381567,63997045.11410658,24544530,5614624
678647997,1093305571,866994097,63856837.002195045,24708092,5827446
709578960,1151500500,914072427,64730953.788021326,25240926,5918790
676241635,1120205660,885982384,56506800.026967704,23063786,5406592
630164404,1026994144,804261933,59935372.813617826,26481099,8071286
697914267,1136490246,879783391,50682499.07656103,24279210,7437086
706333984,1151060992,888610917,51097763.56528562,23242137,7341072
747452056,1191433526,913319955,54213695.088484466,23934625,7636221
745114226,1178784448,903249896,60748617.4603075,24206719,7543530
672817832,1089739725,853295763,71146386.25894539,26770359,7949020
640809860,1045512787,825657928,75884226.04235959,24583458,7764406
559602572,984369070,719790381,59827076.555660084,25248366,7843688
623653980,1033537047,828976615,66713175.14016933,23807192,7306642
645292668,1069362705,857693433,69022748.13546567,24168549,7700109
678547184,1142605897,866114278,67804862.68579492,26581152,7460438
512191513,849469373,691545084,65579702.26394984,24363809,6587025
685916221,1109056111,862545316,67537178.70868611,24973368,7019051
618381835,1039676210,791578785,64255806.4338143,25362035,7853255
603077775,1026881912,746861414,61108710.69165855,27597273,8306436
646881250,1036310852,839809269,65492570.89934149,23284545,7431034
721626602,1135142584,914435214,66839626.67262465,22356580,7096997
732821696,1154107509,941566333,67594691.43932267,22769736,7065976
742312642,1158237967,941361450,69352569.59222083,23387458,7382128
760348590,1198582389,963302717,71197260.14460477,24358170,7049428
731991991,1181160231,899558245,65640344.76324867,22410601,6996664
635194568,1035660461,771425757,60238143.54391468,23596168,7499550
629470221,1000645897,821139448,66341881.03670012,23168076,7546764
660049859,1041417986,863794482,67722347.85100377,22393812,7182425
665187634,1027644724,853842460,68174247.95166352,23010842,7328327
694834011,1078052333,877657058,67818632.39359699,22393610,7281029
693432345,1086449039,896598796,68558074.7903327,23072951,7330949
671064787,1079683070,821746050,63871488.38594289,22529734,7494314
578648926,954343709,714387964,59010615.69689363,24105126,7600848
638944322,1023557054,837231949,65947101.38864492,22714849,7092385
674921758,1050621917,867607293,68323087.2058362,22937115,6874747
644365215,1004613184,831395618,67101961.152132995,23900758,7571798
664387479,1048254055,850712122,67091653.614684656,24240177,7737277
692080699,1111488315,919834930,75424226.4217132,27365628,8025706
658823639,1090634030,857496396,69950550.23407593,25830861,7646928
535403395,878342079,670634644,57957430.76732518,24086732,7070424
613603486,991212537,838017982,72900035.07996237,26613661,7481432
585348325,1024444332,929919906,86267113.20664786,32273536,9685358
604190312,1070568527,946488979,85035858.92787708,32628300,10198729
514641976,985356829,815055545,69226856.12605833,26738871,8157899
315446320,577814673,500982276,51767031.90370138,19948816,6207514
571469926,983396081,766320995,68715701.90244667,27210476,8133518
602452970,929093913,744892165,53770056.66835603,35785864,10295377
670127409,1032995926,868927549,52200576.496197715,26832006,8092279
684993724,1056013308,895181824,53145747.29575681,26111795,7804731
695336146,1089670605,910639549,54785956.239936605,28415192,8189227
725530609,1137929940,888062145,49406937.824833706,25672298,7287227
577940083,903676123,707278848,45825173.84135529,25682948,7601173
681965080,1052716325,847066093,59258969.87836554,32310378,9000169
604287786,942855956,734468584,49306826.03736542,32254996,9516665
722489828,1091201722,863466910,41496084.790668346,22746525,6920171
699054971,1055536263,859393251,41781114.15379767,21633021,6685292
716296352,1091548431,886366136,43129804.90800252,24130240,7541612
716796233,1077055605,873946860,43994411.68631778,25366089,7979278
771063005,1143878952,909337374,47242593.92782855,29393923,8447511
774392900,1132159379,867147113,51666072.80239521,30378528,8380578
695181217,1014823651,735946275,42490082.09042218,21732097,7393000
707570151,1065457710,841941376,40713313.51843681,16694538,6191717
698444974,1061695266,857236717,42575742.296879925,16707549,6214926
720752318,1091598891,879223657,43185493.59394704,17421826,6575087
735686684,1089500791,883070794,43984434.60125984,17982425,6515192
827873724,1222957262,993077939,51904699.82482672,23869625,6675119
885101836,1245760350,983530664,59431276.561967835,24344134,5755076
785489248,1112659872,871025348,52834844.082966685,26780577,8270174
867670516,1210422395,1027871968,57279508.04051507,25375782,8378574
716426413,1031492798,872079957,39563073.237032376,15728426,5839635
746616224,1071603678,906672854,39352554.28167243,15504714,5867740
829063237,1161948861,978918637,44458771.11557789,17729604,6803680
851306012,1193288554,997155253,55284628.884978004,24017420,7353076
809426426,1141159050,937043439,60633827.43333333,24419029,6304526
748878989,1042171368,823622309,49886113.83763373,27003806,8418214
746865765,1059403746,873511883,39774094.63593455,15549632,6579730
778128315,1117786660,936256906,42215685.70201384,15333598,6074460
772417272,1114244956,929636526,41858485.84366153,15636144,6254563
759723325,1088919085,917276638,43874390.749055415,17448171,6529233
803806282,1166731980,965987388,50424991.200125866,23572793,7003692
815812812,1163086964,933569497,57857683.519043125,23899666,6070060
782307002,1071488650,834366859,50854430.98489616,26896189,8638796
818605022,1123757644,930852311,47486645.03933291,20165414,7691335
820766689,1151680896,959193099,43618047.38885391,15645938,6227887
826179350,1160028717,964618917,42891977.694899246,15656564,6320864
838950132,1160261746,967345953,45339154.36921624,17590522,6910215
905219295,1259518247,1036861981,52620224.704345085,23802976,7431497
870866492,1204866960,968104670,59412581.94706994,24148682,6404087
886464056,1155008987,903226271,50453799.09376967,25699721,9033206
911956931,1209278664,1053919074,56126722.69823789,25051678,9000211
861607878,1215522071,1024385500,46358174.33721296,16987458,6947029
886182762,1254781570,1063752222,47312176.39754485,17454122,7089365
901879093,1255320743,1065999708,49622836.84612964,19576485,7991077
873077296,1217243804,1019919592,54290857.73253619,27836583,9451706
832915706,1161582102,956889220,52254093.02297765,17247869,5972723
869171619,1138720190,892346084,52268227.10031447,27991229,9390663
901066302,1195895192,1006159943,49927084.157497644,21484079,8447275
889933326,1220164382,1022051724,45859380.47169811,16913573,6960870
894497527,1230095132,1030526813,45616155.49811321,17119033,7078962
906492007,1230505799,1035535598,48319577.733878575,19324184,7752371
928818484,1269234758,1053013490,54294512.39194715,26349514,8504098
897060573,1216218496,984969653,57982556.80654294,22762353,6569111
900451771,1203060195,980837578,61905719.57861635,30343669,9377424
961994450,1283895370,1096673300,51169775.703866705,18783461,7670401
997555766,1346726959,1155088689,53592775.8430324,18152287,6721764
980693369,1315792004,1128077171,51861916.69971672,17853572,6424952
999253415,1335990546,1121508563,53764518.35525487,20008737,6902708
1021971495,1373056993,1137242348,60476967.04375197,27571884,7737394
976440474,1306015651,1058290105,63450249.195091255,22744599,5763675
956990707,1251542916,983853066,60600184.48850394,30292431,8578351
1001098795,1322586168,1121218252,58293320.82876928,23657618,7724283
988846538,1353516317,1134561451,53758542.472607054,18788344,6354525
993753406,1360677141,1142570823,53419081.981108315,18922702,6341433
1011545838,1369511738,1144370877,56059519.92978589,21287405,6977066
1014881652,1379973264,1137373845,62346815.06397731,29499866,7943208
969201057,1312517751,1059319723,63778070.06332703,22528526,5615908
925597578,1204374097,974932049,66650011.421417326,34178624,8888893
993495427,1318797361,1108698736,52780494.56486146,20315667,7617005
1051911948,1380956682,1182007290,54958393.8488665,19325439,6604567
1030093276,1376488594,1134383768,51398679.15685039,19123613,6584000
1031091704,1367323225,1146372256,56043971.30645669,21679337,7069065
1046524763,1395128289,1153661594,62663310.671077505,29771530,7921706
999504543,1325231213,1071801011,65348155.23944549,24236530,5830555
920983777,1235303734,993882928,67869757.37334594,36629358,9716824
985065806,1298671802,1103652888,55560105.76062992,22558185,8027014
1084148604,1447532144,1214345188,56753600.75629723,20858371,6975329
1019165973,1377438425,1153254775,54747996.16887209,20848468,6858737
1031339980,1383476793,1155015765,57906967.29332073,23470809,7420358
1042554629,1405239990,1157271635,64586042.72770249,32279923,8352637
990687935,1329182831,1071329600,66727349.08627204,25726657,6047967
943947098,1228133762,958837250,67250964.38071226,36833110,9406479
1093521222,1410767495,1186009996,58676804.29143037,23799713,8392982
1149035806,1500702705,1258986974,58391169.82250946,21107914,7177970
1125853514,1478212018,1245486286,58265552.06780195,20917550,6492589
1162559370,1516823780,1233526897,58360465.71910466,23323433,7182709
1085990454,1443759981,1179169732,62463574.81434385,32282696,9853027
1079898732,1412600909,1133280551,68593566.6763407,25749779,6256924
930335762,1238100087,1007763714,70514015.8995592,38856520,10780975
1042893958,1357562669,1147248214,58023014.6157961,24988289,9046347
1097417267,1437118802,1198946058,56368210.033050045,20514054,6518302
1116559064,1453576838,1236857830,59116161.9175063,23380368,7819520
1076365699,1435217320,1186622397,60780539.56279509,27671233,9202473
1088689579,1444055634,1189348564,66587331.91561713,35737952,9990176
1035517657,1361589925,1098909065,69301385.26677166,28223165,6802120
857222942,1097069233,925858895,69428126.81309,37205591,9730230
1119329594,1442468658,1212734293,62017031.84056604,27115383,8488129
1112389113,1399633678,1140764926,54252229.09216735,20056078,6520180
1128063220,1463491584,1242112419,61061822.39465409,23156891,7363079
1153541364,1497116984,1237968878,61521547.25668449,25419288,7824067
1158686828,1515343864,1264449792,67726692.96226415,32414853,9098091
1064261149,1441595521,1158334204,75187441.07520454,31617034,7801696
967673732,1262433021,1027280958,68746424.01038063,34315355,8659079
1175275084,1533506484,1273676884,56010183.56073002,20623767,7144427
1183577814,1541201553,1280943849,55537641.72907489,18599892,5829421
1171149082,1548480538,1303936046,55701409.15193457,19119502,6339093
1189068919,1565566220,1289161412,58857630.18854265,22961311,6989638
1236112614,1644952849,1361775765,67348418.9285939,30958094,8061179
1092532440,1418459011,1168053281,74981283.51022978,29579536,6502314
978945708,1279453833,1055940104,70845043.56854711,34641319,8641765
1182375016,1542053038,1287878565,57901196.22778828,21624649,6996945
1202555585,1571556073,1298732304,55773596.327450365,18323279,5543822
1081674506,1444262921,1238735532,53965944.56809584,18859860,5997653
1045396293,1403097685,1165802369,55511505.50984752,22702524,7408896
1052496609,1421476306,1186395760,61126643.62623055,29136512,8280996
963913765,1305006420,1068346670,66616905.91273885,26780074,6739510
845315301,1115847226,928278194,63562281.19303797,32287627,8701402
1071964608,1388876462,1151931179,52696685.90063291,20204161,7048421
997155385,1370669545,1160499135,52404643.42291865,19248481,6576746
1036505694,1404086339,1172317017,53245883.17067765,19779565,6632244
1134135908,1446545850,1201587511,54576021.04624644,21201725,6759825
1058159789,1432113973,1198651597,61256191.15779468,28787772,8256591
958014531,1305468270,1072212348,67886238.90237717,27831472,7084785
871055302,1145571326,941027047,63936403.24565286,32739813,8792754
1049178067,1346134225,1102432358,51055864.605437875,19753047,6780854
1009867585,1390662497,1163440268,52130770.769620255,19161723,6622076
1068990964,1463875093,1228527090,53999447.82552248,19689723,6622310
1163943984,1449395090,1202954358,55357727.74825839,21584303,7152449
1088407403,1461496879,1213453258,62033954.61818758,29423119,8293073
982394261,1312659036,1075529198,68602402.44254512,28130138,6969660
886214393,1153844717,949014622,64438120.50458136,32826009,8935106
1152266163,1434185897,1171123511,52814158.39778831,19825598,6623098
1051534928,1421266523,1179511456,53327765.62444725,20095474,6995402
1143289235,1458548925,1203566711,53655003.379462875,19941200,6957198
1049031771,1409523709,1190166574,55231697.65579481,21430630,7092715
1111407841,1475474356,1220905299,62350424.471518986,29553763,8486795
1010896974,1343141790,1091714563,68690924.82669197,28024279,7111574
872478581,1136635512,936278816,64433315.20733249,33225557,9127334
1083759559,1407744019,1174200593,52658463.31796653,19391830,6591056
1124832032,1338233876,1089115778,50144038.79993689,19015761,6827360
1094214422,1476374060,1221488526,54027700.348264985,20031624,7007570
1037461484,1430919143,1209705086,57049954.26128116,22597720,7402817
1095846028,1456857675,1206475031,62223182.59545598,29781087,8647976
996534828,1325191421,1078503176,68938900.0113816,28590247,7334558
1105871482,1330753797,977516903,55532494.673495114,26173386,8138022
1120418541,1403499106,1146960859,55488298.554083884,22352147,7775358
910789162,1332889294,1176801620,55792837.89249685,21073664,6934524
1116104695,1286228091,1072185604,55752385.49117833,23051333,7259579
965531574,1375970327,1181530410,61659037.46986431,26398501,8133822
945630978,1330758398,1145025840,65995102.10760492,32634194,8956416
848569929,1264989309,1025066660,63758787.46034755,30562878,8288244
791051501,1160757006,1013046286,58767473.3596963,25567649,7967879
1047130889,1250626581,945126185,63138120.598862916,36232943,9826564
1037467776,1410630281,1169390881,55335399.89274448,22196593,7384861
1028979943,1335779389,1116844626,51682672.347853534,19582820,6786105
1063271640,1422834826,1194640891,55133983.1443006,21148046,7233489
1064351891,1433107900,1190220559,62583593.278864354,30516761,8738581
968511433,1301649535,1062882837,69271801.49321553,29205573,7363240
913199224,1177918210,945433435,62933978.757021144,32137050,8911558
1176922686,1434003633,1153798314,53956190.22940991,20879787,7181029
1031456733,1400711782,1185159488,55467436.416666664,21338647,6995834
947165857,1353825190,1171631386,55070933.27597095,21098571,6941607
1019260208,1338048384,1131074555,55045335.19318182,22068188,7415244
1036033790,1414423536,1189609186,63846228.387045816,30990873,8740160
940123803,1299658776,1063455123,68470143.02720658,29518310,7543486
864386975,1135565517,936891004,65214280.30372946,34076275,9279538
992205876,1356208567,1121981392,53083166.36375118,20990581,7299064
1087210975,1418601068,1189606819,55187389.69772584,21393556,7216898
993917619,1358125633,1169702664,55314371.596457936,21085455,6993746
1118608764,1411505240,1174100629,55438217.17246836,21675392,7229470
1059528256,1432244412,1200426353,63824877.182911396,31153851,8870493
964034456,1305398904,1072902013,70143328.04265402,29798964,7522784
866521024,1124764845,929274564,65032470.17167246,33873983,9365489
1111170151,1401078826,1156322700,55316610.630214915,21623205,7321545
938790206,1299937622,1114396495,53079862.99367489,20662671,6995714
994645026,1346475583,1141007188,54075808.28413401,20791882,7096798
1132198231,1421451314,1198334074,56725365.99747076,22025437,7587804
1053724498,1411634462,1188374226,63819074.264789626,31096958,8974742
959970439,1290928125,1064571058,70049835.3482933,29740392,7634947
919005969,1190999361,973449801,61211683.76906112,30066446,8638320
1136988459,1448521278,1185483301,51328760.33448819,19033008,6835070
1005401858,1339194313,1127476749,57855845.62122166,24228740,8425060
1067396927,1362842896,1174029201,62655321.91496063,26320186,8838913
1130183352,1389362461,1167033307,60960321.8406801,25895807,9063473
1134071288,1425678356,1161168129,66065910.95212598,32644328,10843746
1130707884,1405197706,1145697300,77935421.43415248,37475770,11813034
1014589173,1304732441,1098351218,65484702.413392015,29720013,10738393
1222157812,1494288988,1196174978,65188290.54071047,28524320,10924427
988499556,1283284371,1100685817,53526553.25691824,21632179,8429911
1097029074,1390412823,1156955316,60235157.85234056,25866380,9811289
1221419417,1429358602,1164492166,61255017.54071047,27015475,10369573
1178002961,1460048490,1189828429,70189567.49481295,38327328,12325409
1071887937,1336450632,1064798691,76531546.3712669,36627634,10563009
921468380,1164776084,947511215,66784127.27278441,35428264,10459336
1142334771,1417400796,1154533257,56016083.44140748,22429862,8288118
1101508604,1437866690,1201618149,58708514.381715365,23413828,8479265
1015390659,1340841281,1157751864,56044741.921771914,22187405,7901293
1102280054,1397601614,1165609612,56239769.74890006,22299050,8133134
1094779172,1440050067,1204045757,66086187.76587052,32948475,10064236
996075282,1318097418,1077433582,72049969.80050267,31484740,8613703
901078595,1143664631,931489420,66264182.93748037,35357672,10438554
1104601461,1395883841,1137933383,55355633.289978005,22268640,8243776
1200025982,1509201379,1243511675,59672982.57932768,23833435,8644265
1098272117,1421243315,1199953148,57647748.4455259,22613960,8255018
925051230,1222596717,1038341861,51163378.32589566,20440068,7424212
1089210874,1429492574,1188695789,65103004.63293526,32532014,9998585
992077995,1306968399,1064273670,71374275.58781025,31124947,8531229
929562969,1162174054,928322019,65911066.43027638,35296493,10462101
1163726003,1429796823,1142433241,55582347.044270016,22415052,8270254
1099602761,1405217289,1165378760,56175168.09990575,22496858,8241800
1014490910,1317996038,1111120219,54723262.7869934,21939919,7969674
1183266402,1486836138,1192438781,57102687.818467334,22624041,8268455
1123789126,1454966076,1188457389,65135140.977072865,32693126,10075184
1023168750,1330655487,1063953023,71301128.54396985,31259971,8601776
937102022,1163489029,922897207,65431664.05243328,34981873,10374138
1158466889,1419095771,1126512868,54772901.17116834,22077789,8185801
1152163780,1448734800,1153955268,55172740.76546311,22165278,8127158
1239316555,1529192736,1207783675,58327226.6346516,23468074,8582508
922430099,1222556073,1079635219,53264867.59058085,20876223,7529390
1124310976,1447195408,1175306271,64450908.51492303,32316757,9951748
1026254994,1327251334,1054849744,70681362.56281407,30981945,8525252
918257907,1150393504,920825514,65178143.126844585,34696163,10222505
1136372849,1406653084,1126678955,54623119.28351648,21913314,8067241
1144436644,1456212922,1177147780,56574695.858084776,22724239,8311612
1087256240,1376447371,1144221289,55116171.63807729,21717501,7825707
994252927,1286392959,1078853551,52440765.1511811,20665847,7468386
1105427587,1434007791,1173729365,64117229.683830455,31988213,9798798
1000815095,1303951012,1044725907,69801277.65912661,30418809,8317896
888156106,1126666478,899493061,63883063.604336895,34111499,10020107
1119182234,1399477175,1117936970,54410140.52481156,21891144,8027006
1122169761,1391130909,1116898371,54170321.2,21668266,7913415
963581154,1317542324,1121966160,55044602.94976452,21912265,7796151
1110369997,1428629371,1169814615,56009633.19843014,22185396,8061603
1088967703,1430946360,1168693485,64106312.9089482,32086900,9797116
986256408,1301886350,1040729482,69794948.50078543,30523680,8322325
887534146,1131048356,908019542,64277279.03235941,34182429,9981589
1102750207,1386609659,1113861270,54037194.992459945,21658417,7899728
1073524952,1404594718,1173261527,57018768.44503937,22847203,8386720
1050226168,1367980094,1131852756,54803604.89606299,21752246,7765855
984899445,1268838952,1043379634,49998666.83978596,19559847,6884237
1059500643,1398685205,1148743428,62822656.35685039,31322281,9505784
959264154,1274005628,1023009418,68420040.13566257,29840786,8094183
882596000,1128985611,903401532,62678578.80245747,34465491,10112002
1094473166,1381770988,1106443186,52601864.38374291,21797888,7973691
1105803550,1423526316,1160730116,54992442.69414726,22751376,8310939
981761220,1296154177,1107202421,59453263.73788546,24601743,7328612
939971651,1237055068,1045985917,57762335.84482216,24033775,7316602
953954292,1280289944,1073942153,60274878.00660793,25988916,8134332
1140530941,1523311775,1144420881,67852968.77980497,31400976,9852074
1176644066,1477711956,1111135506,63706282.14222781,28767706,9511495
995757488,1281349092,1033898044,55295679.87539333,23764487,8058873
1086311897,1387631064,1094743618,55902213.25802392,23679738,8266706
1019690092,1341898048,1109240441,56268118.86284995,23565404,8389777
1022524205,1320194724,1076982141,54148703.51717617,22536407,8056495
1061049556,1394056540,1127421211,64463264.62283191,34015335,10330733
973546530,1285413795,1017173933,71121374.6067946,32798248,8895522
913638722,1147075685,904510269,64672864.76289308,34736179,10314513
1127294102,1396806968,1102079899,53994738.18047244,21855700,8110299
966213410,1290722202,1092857235,53793856.03081761,21382226,7717677
1184560987,1509563706,1182231413,57687282.16918239,23305825,8478169
1125236532,1394728275,1138166533,55041407.46257862,21972794,8173620
1099781301,1430198567,1153600582,63693004.286345005,32066451,9897434
1010028343,1319955587,1041745797,70333870.32138366,30947061,8534390
874311991,1109928139,894204779,63319819.82856244,33626185,9881268
1077208490,1349215000,1087800905,52788159.172707215,21125848,7753012
1026928352,1328498610,1111567736,53990511.9199748,21444813,7816550
943979613,1300187077,1099526696,53702232.52887346,21142271,7530779
1121460762,1377405926,1120043314,53298457.80163986,21144316,7695166
1057005872,1390481457,1146226957,62687521.902900375,31204995,9532088
952209012,1259013578,1015240493,67897861.32429022,29547912,8063445
841787231,1067271700,864579940,60890859.3856106,32130218,9269637
1062243660,1328758771,1077107969,51978111.472853534,20667544,7441534
980875061,1340767027,1119103044,51151252.45741325,19716252,7062254
1045379790,1276952964,1071940013,52931345.62712934,20955251,7378242
1011088634,1310876348,1092912611,53748258.94353312,21402767,7577534
1048300288,1376797497,1140896048,62044554.398168616,30685017,9206253
938603587,1239008150,1004507557,66807167.34332597,28882443,7735954
903942082,1113276058,877055141,62215274.86511188,33219627,9892927
1142386175,1388200905,1094316255,53187301.14686417,21399812,7964435
1064140700,1374278191,1119944800,53006061.61895735,20926556,7741383
1062093928,1333334905,1095677412,54042378.392429024,21518295,7802095
1124767062,1432771146,1147164310,58708246.83501259,26181080,8734846
1149868884,1411196179,1140808380,59654176.23362721,27611747,9188668
1013871334,1300251180,1025320442,68684080.89274448,30047696,8311817
993324761,1247066473,1032594510,56959121.36051637,25834297,8496269
1255804554,1474600970,1120149362,59258258.22844556,26589146,9361463
1094787567,1334633282,1070732432,57584217.272269435,25954158,8898763
1117562183,1416782405,1126406658,60490327.656387664,27226346,9274468
1215551302,1472385256,1152513468,57307210.05034613,24106418,8689556
1260462952,1519651225,1140567509,59810240.60006293,27144990,9528108
1088887001,1363995128,1049792240,70683762.72621298,31190986,8767316
1032944219,1308133919,1047280844,58408243.42474811,26610984,8997183
1254652310,1475976044,1123310674,56591134.86744332,23856287,8842325
1148059047,1406249169,1100144323,57616004.54834646,25310052,8847041
1194455965,1446343851,1133358709,60563652.90683034,26877645,9279205
1170929172,1407941274,1102658683,58616681.70214106,25908733,9126259
1253627699,1517076443,1168440822,62590032.46347607,29864000,9998697
1109626409,1382445055,1057089692,71428146.59288414,31565806,8920677
998439597,1195619555,911250840,65132114.44902454,35116826,10687606
1328437228,1581102607,1194458973,58659698.87256136,24194825,9197586
1230470319,1477455584,1164448444,57744699.963184394,23896449,8787150
1062861796,1348362424,1103419209,54903148.665092856,22377920,8211082
1233604709,1503657005,1149417725,55347052.12429201,22189662,8245394
1248815328,1519613997,1186681059,64049588.101006925,31243993,10214808
1113426530,1388176631,1059084348,71481018.41931425,31575953,8930638
1008330438,1203337148,914548194,65289913.56212646,35168236,10711055
1295905428,1529987821,1159550712,56774154.11890531,23167868,8826454
1271302266,1546992618,1175513789,57670365.825416796,23803084,8763657
1192253386,1472184451,1166436958,57554536.689210445,23442217,8595362
1152540645,1409986614,1135100819,55602618.605536334,22531509,8393952
1259706728,1527661893,1189602749,64136707.580371186,31266619,10227077
1125839969,1398859627,1064241571,71743665.34633532,31661034,8961833
922869787,1104232552,836949029,59702772.08050314,32187134,9793130
1136928726,1382303046,1100137904,54188927.98930818,22006916,8321890
1219400410,1485453018,1142424257,55863248.96037736,22870917,8501443
1258425503,1535397593,1166680766,56874131.70251572,23386977,8674025
1226275924,1485205642,1159769192,57141324.966341615,23302424,8551317
1240974342,1508869845,1171777535,63111156.8430324,30782399,10064171
1108360541,1380757395,1047633613,70555488.1308176,31157512,8814410
1029417423,1225264076,928697762,66031119.741742685,35558972,10830584
1299594799,1549890898,1188020166,57698394.48537276,23502475,8822920
1251743232,1511168141,1177498846,57093049.16042781,23293870,8720363
1319171355,1584330523,1200524183,58609085.6058509,24027938,8888412
1099384617,1367932895,1099817363,54719138.17332494,22316945,8220986
1273729677,1540580804,1196384512,64242170.67882982,31309847,10241238
1135567264,1407227301,1067700510,71687799.28499529,31631121,8952576
939034797,1142098607,893727815,66658722.20150896,36620196,10436026
1145910428,1397774441,1115880744,57139918.14748428,23725048,8388202
1226062491,1498836967,1171278325,59514223.87205281,24786380,8618475
1305904749,1564257516,1195339602,62435216.65765482,26899181,9508055
1344772177,1591972598,1185216943,63754805.04748428,27956520,9836897
1155807732,1418555827,1106777862,59695773.767924525,26719727,9494047
1254391805,1526102968,1157920453,61009342.86006289,26898215,9434044
1218461994,1463076745,1083203783,62103393.25888644,28291082,9641930
1271047347,1508589482,1112599024,63609735.99402703,28576040,9652935
1116086223,1371175245,1053723931,60134699.03553459,27283944,9332062
1150827098,1417436751,1123105989,60147274.7980497,26802220,9027650
1228594589,1471657798,1157998381,60308520.925157234,26716852,9187975
1267089526,1522214967,1185410112,62523475.23050314,28036808,9474608
1125287819,1396010589,1145642679,60277743.251572326,27310363,9299875
1075502330,1297999023,1009813328,63870434.66257862,32723656,10345444
1218893113,1469141950,1161527609,57536144.67630421,24296429,8902144
1264345584,1517273853,1178411623,58978358.96323067,24885187,8987986
1234318393,1507714533,1188669013,58625778.19245283,24958100,9037824
1176901885,1452450495,1189554538,57232515.31782458,24150223,8699695
1247941948,1513010946,1205941138,62378101.105312794,29596442,9884385
1072998864,1350998137,1078784280,66117785.56271613,29263262,8748574
988552717,1273714687,1086389960,54700152.427718416,23720898,8473036
1119012755,1391315018,1122313892,54919842.07917059,23321882,8557633
1178150583,1427709510,1131320913,55715636.25290606,23393465,8630433
1221294220,1502377487,1167300202,56917040.12853551,24235269,8821681
1190573196,1454076777,1160821998,57209486.10999371,24157987,8700896
1207068351,1479917553,1175000968,63303747.4178448,31971364,10263628
1076469783,1352291608,1049247061,70663885.58875275,32312504,8973913
1001957174,1294641870,1071499640,56662707.2867023,24953018,8403070
1060735755,1349272685,1099391516,57960658.50801635,25385972,8695388
1242516133,1513846614,1173092297,60360377.96543055,26387070,9081816
1251722411,1507103928,1169099207,59992308.80760767,26366714,9238754
1061903342,1335172341,1095306817,58190033.08390949,25849409,9144617
1102551896,1385592698,1108804915,59481165.180389695,27102359,9561053
1208846085,1473489960,1154033166,61712365.62947831,28203396,9895050
1210093248,1470899488,1133348302,59462536.80012571,26593641,9274182
1085138119,1355784434,1099348903,58272638.939660594,26035144,9243498
1079600069,1344823130,1107832709,58269121.38874921,26136047,9228266
1208820661,1483354542,1171262503,60362913.877749845,26874597,9411220
1279035665,1536498249,1179808439,60534904.994343184,26982088,9508818
1068788059,1344902591,1087827227,58497734.49308611,26338470,9227877
1074358125,1369083205,1095518517,59544553.122250155,26891170,9296451
1200236115,1487027923,1160023448,60032242.39271128,27194150,9485407
1265842594,1522769184,1182846999,60255126.982092366,26739099,9488015
1088930290,1357638460,1099870466,59020128.047125354,26292734,9266855
995237021,1276291602,1060642110,56288021.21520578,25251528,8893079
1180780727,1456043036,1140925314,58716592.982406534,25888023,9080369
1183527483,1443937879,1130651286,58670894.34118756,25953483,9108247
1117390984,1384765476,1095748756,59169001.46105528,26496530,9110419
986890784,1246388832,1006617171,56686601.29563305,26985418,9207551
1207847003,1482040555,1175168287,57699772.20697236,25888095,9356460
1153575658,1409319939,1094850576,54183201.46861268,22784260,8522129
1170686139,1412694366,1084263475,58242163.43453689,26242514,9486568
1131455248,1406803716,1126295806,54666457.641106226,23040619,8508698
1093097225,1406247034,1114321365,53455964.88285176,23617836,8342077
1031335870,1313825982,1024018938,65625075.0288854,29482262,8695639
1137973826,1382230126,1094797747,60522702.80722135,27190098,9482223
881744166,1139692809,974797993,53259734.155827835,23058436,7899257
1131125622,1407853532,1108625189,56758716.42951334,23953642,8212854
1212168061,1482119560,1143246515,55173064.42637362,23408225,8699830
1151260112,1404876886,1125246677,55338582.66896985,23352367,8609862
1160136566,1421210368,1132135840,60866342.509267986,30720482,10080515
1148685071,1404490936,1090633394,56651857.507064365,24361792,8313639
989008159,1236629042,1008153866,56237154.089224,26649920,9056494
1145594217,1400934265,1119175323,54397537.933689505,23389422,8640010
1172621461,1418494125,1112201850,54488215.0867379,22776761,8498469
1179780269,1437290235,1121038520,55982218.831291236,24176454,8879534
1328779370,1481109001,1108148251,59180669.98523406,27737240,10072379
1074364658,1355890149,1092530044,57453321.21213073,25885525,8432692
913838180,1288485652,1089489246,59877487.13163682,25034260,7578094
924315237,1212542517,1035462251,53964238.47427855,23822820,8153277
1119639953,1403432748,1125171712,54222356.47804266,22075699,7922646
1119223826,1399668914,1139310400,55109685.766624846,22497410,8078216
1122807022,1415331595,1136868199,55382376.85163112,23411731,8404798
1120844037,1374972679,1097061270,54885706.17565872,23983083,8730424
1066314529,1368536434,1120283964,58701782.59465409,27416062,8709863
936656233,1283361215,1064503758,63860762.963927224,27355733,7759997
